Reference,Qty,Value,DNP,Footprint,Purchased
"C1,C10,C11,C12",4,100n,,Capacitor_SMD:C_0402_1005Metric,TRUE
C2,1,2u2,,Capacitor_SMD:C_1206_3216Metric,TRUE
C3,1,22u,,Capacitor_SMD:C_1210_3225Metric,TRUE
C4,1,22u,,Capacitor_SMD:C_0805_2012Metric,TRUE
C5,1,47n,,Capacitor_SMD:C_0603_1608Metric,TRUE
C6,1,1u,,Capacitor_SMD:C_0603_1608Metric,TRUE
C8,1,47u,,Capacitor_SMD:CP_Elec_6.3x7.7,TRUE
C9,1,1u,,Capacitor_SMD:C_0402_1005Metric,TRUE
"C15,C16,C17",3,1n,,Capacitor_SMD:C_0402_1005Metric,TRUE
"C18,C19,C20",3,10u,,Capacitor_SMD:C_1210_3225Metric,TRUE
CN1,1,VM_IN,,fplib_addon:CONN-TH_XT30PW-M,TRUE
CN2,1,VM_OUT,DNP,fplib_addon:CONN-TH_XT30PW-M,TRUE
D1,1,FAULT_LED,,LED_SMD:LED_0402_1005Metric,TRUE
D2,1,MCU_PWR_LED,,LED_SMD:LED_0402_1005Metric,TRUE
D3,1,SMBJ28AQ,,fplib_addon:SMB_L4.3-W3.6-LS5.3-RD,TRUE
J1,1,SPI,,Connector_PinHeader_2.54mm:PinHeader_2x03_P2.54mm_Vertical,TRUE
J2,1,Breakout header,,Connector_PinHeader_2.54mm:PinHeader_2x10_P2.54mm_Vertical,TRUE
J4,1,PWM,,Connector_PinHeader_2.54mm:PinHeader_2x03_P2.54mm_Vertical,TRUE
J5,1,I2C,,Connector_PinHeader_2.54mm:PinHeader_1x04_P2.54mm_Vertical,TRUE
L1,1,33u,,Inductor_SMD:L_6.3x6.3_H3,TRUE
R1,1,118k,,Resistor_SMD:R_0402_1005Metric,TRUE
"R2,R14,R15",3,22k1,,Resistor_SMD:R_0402_1005Metric,TRUE
"R3,R4,R5,R7,R8,R9,R11",7,10k,,Resistor_SMD:R_0402_1005Metric,TRUE
"R6,R12,R13",3,470,,Resistor_SMD:R_0402_1005Metric,TRUE
R10,1,22,,Resistor_SMD:R_0402_1005Metric,TRUE
R16,1,5k1,,Resistor_SMD:R_0402_1005Metric,TRUE
SW1,1,MCU_POWER,,Button_Switch_SMD:SW_DIP_SPSTx01_Slide_6.7x4.1mm_W6.73mm_P2.54mm_LowProfile_JPin,TRUE
U1,1,DRV8316CRRGFR,,fplib_addon:DRV8316CR,TRUE
U3,1,Phase out,,fplib_addon:CONN-TH_MR30PW-M30-G-Y,TRUE
U4,1,LMR51610XDBVR,,Package_TO_SOT_SMD:SOT-23-6,TRUE
